"","V1","V2","V3","V4","V5","V6"
"1",1,0.96148958335499,1.0294705134289,0.936810733992781,1.05414936279111,1
"2",1,0.986097085501873,1.0778076745251,0.9529675234078,1.11093723661917,1
"3",1,1.0841243497594,1.13165435735709,1.06655446241264,1.14922424470384,1.07841895407064
"4",1,0.979775684484073,1.044739530573,0.956092678955361,1.06842253610172,1.03709848579938
"5",1,1.00700324465582,1.06671555556881,0.985341352561269,1.08837744766336,1.03709848579938
"6",1,0.960555328447661,1.03019782314898,0.935095625131509,1.05565752646513,1
"7",1,0.964733399967967,1.03149352957208,0.940719135450585,1.05550779408947,1
"8",1,0.972094337577314,1.04092415477664,0.946949289519174,1.06606920283478,1.01752655619859
"9",1,1.01268957865669,1.07739150005578,0.989003024156323,1.10107805455615,1.01752655619859
"10",1,0.988718215349262,1.054999775847,0.96453791932844,1.07918007186782,1
"11",1,0.957694296676082,1.02900775290992,0.931696498209138,1.05500555137687,1
"12",1,0.993310784445637,1.07110424688578,0.965010193189362,1.09940483814206,1
"13",1,0.979875470804296,1.04876880609768,0.954865394567958,1.07377888233402,1.01752655619859
"14",1,0.950444361014997,1.02056603313886,0.924881035433586,1.04612935872027,1
"15",1,0.977892642269261,1.04417858740963,0.953998216519358,1.06807301315954,1
"16",1,0.950210284478017,1.02189897475186,0.924350015935339,1.04775924329454,1
"17",1,1.01840424626707,1.07376798402211,0.998319890212782,1.0938523400764,1.03709848579938
"18",1,0.961664713611914,1.03402943639706,0.935449815426477,1.0602443345825,1
"19",1,0.960991531101547,1.0291733082665,0.936204981750509,1.05395985761753,1
"20",1,0.997947267692521,1.05984726255417,0.97523908971834,1.08255544052836,1.01752655619859
"21",1,1.00241850020074,1.06618644016683,0.979350414200984,1.08925452616659,1
"22",1,0.965184291844942,1.02863627104345,0.942052447524812,1.05176811536358,1
"23",1,0.97541136278486,1.04330042335132,0.950436804281544,1.06827498185464,1
"24",1,0.96819844990562,1.03537314604004,0.943520960287399,1.06005063565826,1.01752655619859
"25",1,0.943546889728128,1.01617591821197,0.917032434271785,1.04269037366831,1.01752655619859
"26",1,0.984478240194881,1.04910887787891,0.960801294049824,1.07278582402397,1.01752655619859
"27",1,0.939304025538564,1.01819149340242,0.910645693984341,1.04684982495665,1
"28",1,0.946911980768665,1.01932745331984,0.920438540169517,1.04580089391898,1
"29",1,0.978189881635639,1.0438522799029,0.95405120319283,1.06799095834571,1
"30",1,1.03960075870053,1.13749718824236,1.00416169951359,1.17293624742931,1
"31",1,1.00151803522774,1.07364808479348,0.975259343910167,1.09990677611105,1
"32",1,1.00536118636157,1.06640525856662,0.983076015168425,1.08869042975977,1.03709848579938
"33",1,0.969399445374681,1.0379192173656,0.944437583078753,1.06288107966153,1
"34",1,0.955566734212308,1.0247104368782,0.930271738832991,1.05000543225751,1
"35",1,0.965762035083659,1.03629697777756,0.940317958022981,1.06174105483824,1
"36",1,0.979616531697792,1.04800753381252,0.954527110425224,1.07309695508508,1
"37",1,0.970275263151533,1.04208620396501,0.944132742254921,1.06822872486162,1
"38",1,0.982204432253183,1.04378960593169,0.959784565982473,1.0662094722024,1.03709848579938
"39",1,0.981962200366093,1.04863279775264,0.957810060273746,1.07278493784499,1
"40",1,0.982126287245404,1.04640264355361,0.958710308055309,1.0698186227437,1.01752655619859
"41",1,0.980151584433151,1.05336635027219,0.953199164694174,1.08031877001117,1.02224998641969
"42",1,0.969592906399076,1.04064331630546,0.943654752358687,1.06658147034585,1
"43",1,0.982972019205608,1.04996662829422,0.95890759170018,1.07403105579965,1.01752655619859
"44",1,1.06934341223179,1.1210680639432,1.05051323436589,1.13989824180911,1.07841895407064
"45",1,0.948275867278479,1.02075218272893,0.921798673102578,1.04722937690483,1
"46",1,0.968766719286725,1.04971212587053,0.939546624809067,1.07893222034819,1
"47",1,0.9983916478897,1.06281056536091,0.974742962748232,1.08645925050238,1.01752655619859
"48",1,0.995837711265237,1.0591429051545,0.972646331447103,1.08233428497264,1.03709848579938
"49",1,1.01127759891267,1.06913220265421,0.990333906320104,1.09007589524677,1.03709848579938
"50",1,1.0018767295324,1.06137128467594,0.979975106218633,1.0832729079897,1.03709848579938
"51",1,1.00039793472595,1.06663088814797,0.976623989997843,1.09040483287608,1.03709848579938
"52",1,1.00855631157722,1.07321966415398,0.985180805648432,1.09659517008277,1.01752655619859
"53",1,0.955485934278942,1.02467922629301,0.930366965935406,1.04979819463655,1
"54",1,0.95130238825414,1.01947136931492,0.92641614855671,1.04435760901235,1
"55",1,0.981437069283977,1.04865404549626,0.956298212459357,1.07379290232088,1
"56",1,0.996567092998321,1.06155067603514,0.972943203230054,1.0851745658034,1.01752655619859
"57",1,0.976684530677914,1.04803356973243,0.95076476835485,1.0739533320555,1
"58",1,0.992265682625254,1.05953558447187,0.967639022985637,1.08416224411149,1
"59",1,0.960085953332131,1.02945385865286,0.934549671419706,1.05499014056529,1
"60",1,0.953074469593283,1.02458146066251,0.927206777764973,1.05044915249082,1.01752655619859
"61",1,0.959139143149077,1.02532668721821,0.934858066329037,1.04960776403825,1
"62",1,1.0184123767703,1.08249682907894,0.994984566638658,1.10592463921058,1.01752655619859
"63",1,0.965697947450587,1.03465034962551,0.940490526179442,1.05985777089666,1
"64",1,1.00754803231843,1.06720303350281,0.985617781077312,1.08913328474393,1.03709848579938
"65",1,1.00413323742382,1.0632526920313,0.982611007524527,1.08477492193059,1.03709848579938
"66",1,0.992740317093869,1.08750921733143,0.958264207851483,1.12198532657381,1
"67",1,0.979024431683065,1.07444630897916,0.944408146065531,1.10906259459669,1
"68",1,0.979851384181601,1.04900388647903,0.954729582299661,1.07412568836097,1
"69",1,1.00559178935671,1.06741972088542,0.983067775221537,1.08994373502059,1.01752655619859
"70",1,1.00151390802022,1.0606331766521,0.979750438253328,1.08239664641899,1.03709848579938
"71",1,0.963490903555365,1.03225241463709,0.938177852460789,1.05756546573167,1
"72",1,0.978014583516021,1.04568582262754,0.953361843102342,1.07033856304122,1.01752655619859
"73",1,0.972290910299941,1.04046282040412,0.947699250225986,1.06505448047807,1
"74",1,0.978355040328871,1.04570150775464,0.953751892610743,1.07030465547277,1
"75",1,0.977976869062339,1.04102886592134,0.954829991098644,1.06417574388504,1.01752655619859
"76",1,0.963202962978031,1.03606306978861,0.936492625848638,1.06277340691801,1
"77",1,0.959553874445237,1.03012556734876,0.933934510654412,1.05574493113959,1
"78",1,0.972994835223473,1.03860545897771,0.949176468831148,1.06242382537004,1.01752655619859
"79",1,0.955024469635497,1.02372713842005,0.930048557284951,1.0487030507706,1
"80",1,0.942571345953489,1.0139417861206,0.916388909896219,1.04012422217787,1.01752655619859
"81",1,0.948106212852628,1.01902252258946,0.922578838903033,1.04454989653906,1
"82",1,1.00028250206184,1.06876357605414,0.975491967353303,1.09355411076268,1.01752655619859
"83",1,0.952818475183274,1.02210996878459,0.927822947640386,1.04710549632748,1.01752655619859
"84",1,0.93474022789206,1.00798123488062,0.90845078189858,1.0342706808741,1
"85",1,0.99997879302746,1.06123336804357,0.977398003862923,1.08381415720811,1.03709848579938
"86",1,0.969217648109491,1.03709847787618,0.944679038906097,1.06163708707958,1.03709848579938
"87",1,0.947464718926923,1.01833900028415,0.921663185617029,1.04414053359405,1
"88",1,0.947696397531032,1.01579057312182,0.922767981706399,1.04071898894645,1
"89",1,0.987609574772026,1.0516012316543,0.964101415610351,1.07510939081598,1.01752655619859
"90",1,0.976685096580063,1.04289369254664,0.952767882498266,1.06681090662844,1
"91",1,0.979399914863052,1.04384973968328,0.955937182401124,1.06731247214521,1.01752655619859
"92",1,0.967042189294302,1.03524133573422,0.942075344970406,1.06020818005812,1.01752655619859
"93",1,0.953895029402619,1.02018852700718,0.929845673922596,1.0442378824872,1
"94",1,1.02195809678717,1.08139384101821,1.00047234734346,1.10287959046192,1.03709848579938
"95",1,0.973858366453958,1.04269202965969,0.948992872255037,1.06755752385861,1
"96",1,0.960943157254857,1.02940496289749,0.936124667662962,1.05422345248938,1
"97",1,0.971846082465706,1.03736888605998,0.947892443999604,1.06132252452608,1.01752655619859
"98",1,0.996955316322202,1.06320633955971,0.97265095200018,1.08751070388173,1.01752655619859
"99",1,0.927984937180812,1.00435555911785,0.900221445697858,1.0321190506008,1
"100",1,0.971761821042841,1.03532533047047,0.948475809277548,1.05861134223576,1.01752655619859
"101",1,1.00571055683095,1.06806201498766,0.983138977598192,1.09063359422042,1.03709848579938
"102",1,0.929149590753163,1.00073909640491,0.903032893656046,1.02685579350203,1
"103",1,0.957238163219989,1.02362031578802,0.933342926165612,1.0475155528424,1
"104",1,1.01237553755813,1.07058555407451,0.991080437034992,1.09188065459765,1.03709848579938
"105",1,0.953995711087349,1.02409872813012,0.928528605097456,1.04956583412001,1
"106",1,1.00211691728188,1.0681543847106,0.977857203272538,1.09241409871995,1.01752655619859
"107",1,0.998187694933813,1.06363051760369,0.974146431333731,1.08767178120378,1.01752655619859
"108",1,0.978987795674042,1.04917604723707,0.953543442073679,1.07462040083743,1.01752655619859
"109",1,0.97501820088012,1.04042129412225,0.950908108551167,1.0645313864512,1.01752655619859
"110",1,1.00226131382718,1.06728895053023,0.978787298829743,1.09076296552766,1.01752655619859
"111",1,0.953010942050029,1.02322275274535,0.927486401869521,1.04874729292585,1
"112",1,0.966855874246015,1.03469202225312,0.941883475391632,1.0596644211075,1
"113",1,1.00672729290027,1.07250585371053,0.982948644300472,1.09628450231032,1
"114",1,0.961582853541896,1.02979807869859,0.936731938143741,1.05464899409675,1
"115",1,0.98650130498524,1.0502950076785,0.963130963655072,1.07366534900867,1.03709848579938
"116",1,0.964547071074737,1.03686952127896,0.938273686811176,1.06314290554252,1.01752655619859
"117",1,0.971386380518449,1.0384400773651,0.947027035134413,1.06279942274914,1
"118",1,0.944561794981372,1.0107101062479,0.920143236905931,1.03512866432335,1
"119",1,0.987778870918933,1.05154590499871,0.964515903830651,1.074808872087,1.03709848579938
"120",1,0.946393325054325,1.01603225677925,0.921112577881315,1.04131300395226,1
"121",1,0.961262235701061,1.02851907175638,0.936623201610852,1.05315810584659,1
"122",1,1.0331225392813,1.08983580709685,1.01230265800166,1.11065568837649,1.03709848579938
"123",1,0.998770773542838,1.06149590208327,0.97606392352536,1.08420275210075,1.03709848579938
"124",1,0.972631740267275,1.0421985791388,0.947625622240396,1.06720469716568,1
"125",1,1.011836185792,1.0688611692165,0.991018250945958,1.08967910406254,1.03709848579938
"126",1,0.975143486347551,1.04126528500935,0.951088945794133,1.06531982556277,1
"127",1,1.00164993939103,1.06404046160398,0.979032386265748,1.08665801472926,1.03709848579938
"128",1,0.976020111823302,1.04232523541841,0.951509836926239,1.06683551031548,1
"129",1,1.00903611813329,1.07233367948594,0.985750648634539,1.09561914898469,1.01752655619859
"130",1,1.00166268743243,1.06346362941309,0.97932192983007,1.08580438701545,1.03709848579938
"131",1,1.04780605842816,1.10084300591926,1.02834931298696,1.12029975136046,1.07841895407064
"132",1,0.972817605584604,1.03657092131905,0.949917448906431,1.05947107799722,1.03709848579938
"133",1,0.95067767061632,1.02033073384132,0.925374024375396,1.04563438008224,1
"134",1,1.01567525373993,1.10478704883146,0.983098019470393,1.137364283101,1
"135",1,0.966364563547784,1.03534811979353,0.941286538415664,1.06042614492565,1
"136",1,0.987813733247619,1.04805404488145,0.96576051761229,1.07010726051678,1.03709848579938
"137",1,0.982263671273938,1.05079001352101,0.957002229396476,1.07605145539848,1
"138",1,1.011404261375,1.07035029210887,0.990155691234845,1.09159886224903,1.03709848579938
"139",1,0.946209593268561,1.0178289641539,0.92006373039814,1.04397482702432,1
"140",1,0.971026558391389,1.03949345034037,0.946083960379135,1.06443604835263,1.01752655619859
"141",1,0.98186841984795,1.04597210344426,0.958662525131431,1.06917799816078,1.01752655619859
"142",1,1.02002743606079,1.08146639866016,0.997519735985394,1.10397409873555,1.03709848579938
"143",1,0.990497362570258,1.05157137958758,0.968076616375432,1.07399212578241,1.03709848579938
"144",1,1.0157729150106,1.07458302383517,0.994363301357548,1.09599263748822,1.03709848579938
"145",1,0.963378306487899,1.02843982209625,0.939410730425292,1.05240739815886,1
"146",1,0.971299798458289,1.03512671580619,0.947738179753373,1.05868833451111,1
"147",1,1.04929540280367,1.1037527936315,1.02962319777122,1.12342499866395,1.07841895407064
"148",1,0.977812348396147,1.04291528602973,0.95404541971767,1.0666822147082,1
"149",1,0.973275584437231,1.04415752151388,0.947597841303083,1.06983526464802,1
"150",1,0.974464698406079,1.04313762477362,0.949639749907683,1.06796257327202,1.01752655619859
"151",1,0.963741859325878,1.03334129226707,0.938191366702549,1.0588917848904,1
"152",1,0.985197076325255,1.05257435396517,0.960548296163624,1.0772231341268,1
"153",1,0.962396815834227,1.02765781894468,0.93837240042755,1.05168223435136,1
"154",1,0.995625446161319,1.05825336994804,0.972905854398236,1.08097296171112,1.03709848579938
"155",1,0.936860700346434,1.00545933250508,0.911835109220283,1.03048492363123,1
"156",1,0.964794539870728,1.03414525634115,0.939547655009099,1.05939214120278,1
"157",1,0.992413852351428,1.05453827854597,0.969718431299789,1.07723369959761,1
"158",1,0.962602933667641,1.03205756298209,0.937141036267343,1.05751946038238,1
"159",1,0.972078240986107,1.03905585235138,0.947780708903329,1.06335338443416,1
"160",1,0.994903283430752,1.06037699245492,0.971301648490861,1.08397862739481,1.03709848579938
"161",1,0.958449551969342,1.02808210043131,0.933100067160619,1.05343158524003,1
"162",1,0.912703461353113,0.986251331825211,0.885816041972386,1.01313875120594,1
"163",1,0.979547277191069,1.04775606027935,0.954594305531682,1.07270903193874,1
"164",1,0.94231076378735,1.01130539960377,0.916647877967157,1.03696828542397,1
"165",1,0.967807709198983,1.03674286378252,0.942993481331551,1.06155709164995,1
"166",1,0.989048998767072,1.0554308672699,0.964984519353135,1.07949534668383,1.03709848579938
"167",1,1.00623650337449,1.09590283128422,0.973914034260293,1.12822530039842,1
"168",1,0.969015939741104,1.03845306511242,0.943879309045559,1.06358969580797,1.01752655619859
"169",1,0.953535464030989,1.02521553364954,0.92738572812927,1.05136526955126,1
"170",1,0.97311066540447,1.03579153200656,0.950163993485049,1.05873820392598,1.03709848579938
"171",1,0.961397422334967,1.03152366436475,0.936064996554109,1.05685609014561,1
"172",1,1.00534253372837,1.06460543665025,0.983647135051546,1.08630083532707,1.03709848579938
"173",1,0.962352621173903,1.0321966784207,0.936926137334606,1.05762316226,1.01752655619859
"174",1,1.05703937485946,1.11121326915912,1.03755250095189,1.1307001430667,1.07841895407064
"175",1,0.988319564121939,1.05140169957906,0.965467382911514,1.07425388078948,1.03709848579938
"176",1,0.94357245184145,1.01445054661384,0.917480226609121,1.04054277184617,1
"177",1,0.952432570520933,1.02391132364204,0.926648032628741,1.04969586153423,1
"178",1,1.01686568138315,1.07578860085471,0.995505189209419,1.09714909302845,1.03709848579938
"179",1,0.991470102676296,1.05377614777893,0.968835489768384,1.07641076068685,1.03709848579938
"180",1,0.968526598358757,1.03837271404337,0.942867728369516,1.06403158403261,1
"181",1,1.02860692357534,1.08621437901762,1.00763513166396,1.107186170929,1.03709848579938
"182",1,0.963603128995205,1.03047206458591,0.93896972958835,1.05510546399277,1
"183",1,1.00314904074051,1.06270423324175,0.981285866826874,1.08456740715538,1.03709848579938
"184",1,0.957245978678591,1.02878811251924,0.931310821295004,1.05472326990283,1
"185",1,0.975706793835983,1.04015748613961,0.952293070985554,1.06357120899003,1
"186",1,0.958774751575282,1.02968212619796,0.932997348675007,1.05545952909824,1
"187",1,0.977649039175798,1.04786935560033,0.952013924803,1.07350446997313,1
"188",1,0.975084620107246,1.03932555330575,0.951615992435344,1.06279418097766,1
"189",1,0.932375136928752,1.00287737562547,0.906439260511341,1.02881325204288,1
"190",1,0.968230554693992,1.03314408331407,0.944814290904605,1.05656034710345,1.01752655619859
"191",1,0.962572595035239,1.03002824345487,0.937998394654703,1.05460244383541,1
"192",1,0.986898449979223,1.05541608076586,0.962409309060494,1.07990522168459,1.01752655619859
"193",1,0.984361323708627,1.05025622534874,0.960137172844732,1.07448037621264,1.01752655619859
"194",1,0.972369074443029,1.04318744633871,0.94658789477633,1.06896862600541,1.01752655619859
"195",1,1.01241791560995,1.07268595986292,0.990170050010567,1.09493382546231,1.03709848579938
"196",1,0.985042745578723,1.04743357423253,0.96242508136377,1.07005123844749,1.01752655619859
"197",1,0.958611149934553,1.03245166720796,0.931560233937827,1.05950258320468,1
"198",1,0.958175004212699,1.02870565614556,0.932480575144495,1.05440008521376,1
"199",1,0.985742392329517,1.12581637865492,0.93482041699802,1.17673835398642,1
"200",1,0.969917221987678,1.03910796804158,0.94467562071998,1.06434956930928,1
"201",1,1.02253019884929,1.083588497011,1.00027098699539,1.1058477088649,1.03709848579938
"202",1,1.04971090469879,1.10876930792886,1.02833142990739,1.13014878272026,1.07841895407064
"203",1,0.9789200130094,1.03852754647736,0.957280924845863,1.0601666346409,1.03709848579938
"204",1,0.967853422664008,1.03592434321224,0.943176635113942,1.06060113076231,1.01752655619859
"205",1,0.964246790571483,1.03650671688466,0.938125158013965,1.06262834944217,1
"206",1,0.968964365856436,1.04123858770582,0.942708502046006,1.06749445151625,1
"207",1,1.00560641861086,1.06524019951534,0.984033866837562,1.08681275128864,1.03709848579938
"208",1,0.965846629911951,1.03431517125774,0.940711296380368,1.05945050478933,1
"209",1,1.00603989758203,1.07426512711018,0.98162045545298,1.09868456923923,1.01752655619859
"210",1,1.0452726026986,1.09828399616271,1.0257440904413,1.11781250842001,1.07841895407064
"211",1,0.947616706951958,1.01824804050257,0.921813525296002,1.04405122215852,1
"212",1,1.00876535022244,1.0696231294677,0.986610289341491,1.09177819034865,1.03709848579938
"213",1,1.00102547144078,1.06344790241061,0.978364502121119,1.08610887173027,1.03709848579938
"214",1,0.962155826953147,1.03343625231846,0.936333727155789,1.05925835211581,1
"215",1,0.933305357843999,1.00629455523731,0.906622176563839,1.03297773651747,1
"216",1,0.918878352893622,0.989951257609526,0.892950117918695,1.01587949258445,1
"217",1,0.972003746471456,1.04041152540074,0.947047780857255,1.06536749101494,1
"218",1,0.936225328956306,1.00715240796973,0.910151259193821,1.03322647773221,1
"219",1,1.06035487831852,1.11467534768958,1.04049655704337,1.13453366896472,1.07841895407064
"220",1,0.952765218482244,1.01768257055116,0.9291819669267,1.04126582210671,1
"221",1,0.948784429707327,1.02121816377071,0.922470618113305,1.04753197536474,1
"222",1,0.98547448146917,1.05194280340717,0.961141270088603,1.07627601478774,1
"223",1,0.987671824139305,1.05365950581949,0.96354823687691,1.07778309308188,1.03709848579938
"224",1,1.02512730553212,1.09659852687222,0.999144923896048,1.12258090850829,1.04827586206897
"225",1,0.957390936980639,1.02651684694713,0.932349333530743,1.05155845039703,1
"226",1,0.96608860810017,1.03376778893399,0.941588363234049,1.05826803380011,1
"227",1,1.00579598363645,1.06653225373697,0.983700651964226,1.08862758540919,1.03709848579938
"228",1,0.945463064369959,1.0156497265829,0.919804425856848,1.04130836509601,1
"229",1,0.990162267414205,1.05509834436506,0.96657221346166,1.0786883983176,1.01752655619859
"230",1,0.952578507030812,1.02577583896625,0.926136679764153,1.05221766623291,1
"231",1,0.949957479941507,1.01940994814392,0.924992472974107,1.04437495511132,1
"232",1,0.945148688889147,1.01241125769635,0.920438918113064,1.03712102847243,1
"233",1,0.989129901005145,1.05634484830155,0.964574800486732,1.08089994881997,1
"234",1,0.940266090087674,1.00838562145963,0.915363147334066,1.03328856421324,1
"235",1,0.942975132216027,1.01435645477884,0.916952592623966,1.0403789943709,1
"236",1,1.02526352836837,1.08355445153106,1.00416188568648,1.10465609421295,1.07841895407064
"237",1,0.951579678121002,1.0235961945058,0.925288830567803,1.049887042059,1
"238",1,0.955357634135987,1.02663201868008,0.929719548441646,1.05227010437442,1
"239",1,0.969150380106465,1.03749202597263,0.944532360061193,1.0621100460179,1
"240",1,0.983298750990288,1.05709805066177,0.956357068240338,1.08403973341172,1
"241",1,0.948671683174368,1.02085796682905,0.922374104827467,1.04715554517595,1
"242",1,0.965275185738927,1.03506977983841,0.939831098643627,1.06051386693371,1
"243",1,0.955835399033271,1.02621451279176,0.930070496265609,1.05197941555942,1.01752655619859
"244",1,0.960731162858889,1.03158583018692,0.935027147479355,1.05728984556646,1
"245",1,1.00900997246007,1.07134495678536,0.986205825738318,1.09414910350711,1.03709848579938
"246",1,1.00289605957137,1.06115168933564,0.981599133654872,1.08244861525213,1.03709848579938
"247",1,0.958280554924464,1.02537412250093,0.933838261172987,1.04981641625241,1
"248",1,0.943511535235944,1.01667463994826,0.916708784216412,1.04347739096779,1
"249",1,0.994138323110604,1.06078308989545,0.970097549601744,1.08482386340431,1.01752655619859
"250",1,1.018022375362,1.07711536945851,0.99661530346162,1.09852244135889,1.03709848579938
"251",1,0.989371694922887,1.06791750010093,0.960757332735035,1.09653186228879,1
"252",1,0.943976386121833,1.01363002791789,0.918654760584254,1.03895165345547,1
"253",1,1.00977046324776,1.07007082840656,0.987972157296888,1.09186913435743,1.03709848579938
"254",1,0.976557392743853,1.04370531558285,0.952300855926503,1.0679618524002,1
"255",1,0.980698471572302,1.072166823716,0.947399739092158,1.10546555619615,1
"256",1,0.934261977422995,1.00583789288674,0.908515428139569,1.03158444217017,1
"257",1,0.966295456139109,1.03591281578077,0.940933740910233,1.06127453100964,1
"258",1,1.0100030740998,1.06995452000425,0.988132078638017,1.09182551546604,1.03709848579938
"259",1,1.0199780634888,1.07884616646074,0.998427196076727,1.10039703387282,1.03709848579938
"260",1,0.989373449324222,1.0550379729854,0.96556901878453,1.0788424035251,1.01752655619859
"261",1,0.991446128563315,1.05786704761836,0.967350548281927,1.08196262789975,1
"262",1,1.00706959364662,1.07072347615205,0.983994052392404,1.09379901740626,1.03709848579938
"263",1,0.998530346641135,1.06189189264346,0.975560782002512,1.08486145728209,1.03709848579938
"264",1,0.957517951790333,1.02757248252654,0.932122074109026,1.05296836020784,1
"265",1,1.01204336403698,1.07490704445854,0.988965618500693,1.09798478999482,1.01752655619859
"266",1,1.00899107444188,1.10719717950505,0.972863691092957,1.14332456285397,1
"267",1,0.947231322629964,1.02080642770341,0.920409024919255,1.04762872541412,1
"268",1,0.963565920883308,1.03038150989598,0.939361256016869,1.05458617476242,1
"269",1,0.975870208712311,1.03895845988397,0.9530962832054,1.06173238539089,1.03709848579938
"270",1,0.980667128249946,1.04426693221346,0.957286696565859,1.06764736389755,1
"271",1,0.967298017576331,1.03393426736864,0.943073323490561,1.05815896145441,1
"272",1,1.00345616182903,1.06641991776168,0.980405927706191,1.08947015188453,1
"273",1,0.946732734673043,1.01682463837136,0.921144499538208,1.04241287350619,1
"274",1,0.99072546351104,1.05755432485932,0.966277311707858,1.0820024766625,1.01752655619859
"275",1,0.958354690888607,1.02504604638324,0.934109963881034,1.04929077339082,1
"276",1,0.910748352635563,0.985379685010641,0.883560039137449,1.01256799850876,1
"277",1,0.954764239134987,1.02524344464674,0.928908754884675,1.05109892889705,1
"278",1,1.00059498845387,1.09427033458667,0.96661229361553,1.128253029425,1
"279",1,0.972230495711058,1.03811527849072,0.948329410098655,1.06201636410313,1
"280",1,0.960446065040222,1.03144524954705,0.934472274589431,1.05741903999784,1.01752655619859
"281",1,0.983443731702749,1.05157684141808,0.958587968661502,1.07643260445933,1.01752655619859
"282",1,1.00129401672565,1.07363280847773,0.975217691123029,1.09970913408035,1.02224998641969
"283",1,0.947067107272172,1.01845041912527,0.921134894286769,1.04438263211068,1
"284",1,0.990945162362079,1.05423206570945,0.967921932294546,1.07725529577698,1.03709848579938
"285",1,0.950738352200051,1.02068581898694,0.92504224957831,1.04638192160868,1
"286",1,1.01750130905517,1.07769204496337,0.995450887403808,1.09974246661473,1.03709848579938
"287",1,0.994316146587872,1.06157315353865,0.970157465911667,1.08573183421485,1
"288",1,1.0269714918077,1.0831553106596,1.00644630544799,1.10368049701931,1.03709848579938
"289",1,0.95304954788205,1.02411628008807,0.927304860727177,1.04986096724295,1
"290",1,0.960732076251155,1.03179700742826,0.934788620975245,1.05774046270417,1
"291",1,0.952601705474647,1.03688126487981,0.921533022665118,1.06794994768934,1
"292",1,0.976893750999026,1.0435234681625,0.95256944562583,1.06784777353569,1.01752655619859
"293",1,0.996030660358786,1.05787267094629,0.973485740887028,1.08041759041805,1.03709848579938
"294",1,0.964374469098259,1.03646815454326,0.937889925416095,1.06295269822542,1.01752655619859
"295",1,1.01079937429033,1.06879332832836,0.989509343147422,1.09008335947127,1.03709848579938
"296",1,0.975081840639088,1.04131759516509,0.951070329857503,1.06532910594667,1
"297",1,0.96629378085807,1.03731762198771,0.940492156817349,1.06311924602843,1
"298",1,0.94876110371573,1.01786405747775,0.923604415998275,1.04302074519521,1
"299",1,0.979617675403759,1.05068870173256,0.953762648474691,1.07654372866163,1
"300",1,0.983144839746243,1.04847807018972,0.959327172675186,1.07229573726078,1.01752655619859
"301",1,0.997798310212917,1.05858032889479,0.975639817895229,1.08073882121247,1.03709848579938
"302",1,1.01617221437608,1.0800930245039,0.992624855166916,1.10364038371306,1.01752655619859
"303",1,0.951598929714591,1.01892030746991,0.927004947805628,1.04351428937887,1
"304",1,0.951621291325009,1.02561698672906,0.924664541389936,1.05257373666413,1
"305",1,0.974830012449503,1.03821434137903,0.951528793262907,1.06151556056562,1
"306",1,0.999506897725098,1.06179859109845,0.97648022277751,1.08482526604603,1.03709848579938
"307",1,0.98085572939479,1.04654805136561,0.957125014293996,1.07027876646641,1
"308",1,1.11828432260282,1.18652285132053,1.09351195821928,1.21129521570407,1.14205607476636
"309",1,0.980913866120639,1.04634018067496,0.956912048375501,1.0703419984201,1.01752655619859
"310",1,0.988631329110139,1.05729848410794,0.963720879669162,1.08220893354892,1.01752655619859
"311",1,0.949881640163356,1.01984443102333,0.92432269187557,1.04540337931111,1
"312",1,0.986463762316718,1.04788204481892,0.963932301804553,1.07041350533109,1.03709848579938
"313",1,0.957589330799345,1.02580250543099,0.932617350932009,1.05077448529833,1
"314",1,1.10689197603275,1.16700500432255,1.08482401626672,1.18907296408858,1.11258457374831
"315",1,0.953464533907768,1.02363940868522,0.928365169175952,1.04873877341704,1
"316",1,1.01644029196557,1.07610635896117,0.994734290960519,1.09781235996622,1.01752655619859
"317",1,0.965053234748514,1.02903494742353,0.941826205531258,1.05226197664079,1
"318",1,0.9602882029903,1.02707458910738,0.935821514683003,1.05154127741468,1
"319",1,0.957621931237893,1.03071274654266,0.931460979536533,1.05687369824402,1
"320",1,0.948138634585245,1.01649463380419,0.922922549615566,1.04171071877387,1
"321",1,0.97047318805276,1.04095685091548,0.944723953751231,1.06670608521701,1
"322",1,0.955082723755154,1.0295431592261,0.927899682197693,1.05672620078356,1
"323",1,0.963661519738994,1.03472670982881,0.938008037273039,1.06038019229477,1
"324",1,0.934482248230567,1.00625736833998,0.908737284373112,1.03200233219743,1
"325",1,0.943138567559044,1.01555308057045,0.916406849732582,1.04228479839692,1
"326",1,0.948440096883976,1.01916185043153,0.922513674835927,1.04508827247958,1
"327",1,0.96663940916048,1.03282096961248,0.942867028287463,1.0565933504855,1.01752655619859
"328",1,0.954924397184731,1.0246599501535,0.92943067389427,1.05015367344396,1
"329",1,1.00804880099419,1.06663741193454,0.986570359379662,1.08811585354907,1.03709848579938
"330",1,0.940707771802443,1.01425731924313,0.913913554282488,1.04105153676309,1
"331",1,0.974012723238437,1.04006030707596,0.950103125679797,1.0639699046346,1
"332",1,1.05989313234898,1.11018621245847,1.04145581206764,1.12862353273982,1.07841895407064
"333",1,0.980213742348485,1.04577863713177,0.956378524672799,1.06961385480746,1.01752655619859
"334",1,0.991883085898049,1.0537563605717,0.969232063162044,1.07640738330771,1.03709848579938
"335",1,0.993899992005742,1.0583162682071,0.970416606749772,1.08179965346307,1.01752655619859
"336",1,0.929504858656054,1.00146933959402,0.903306442016153,1.02766775623392,1
"337",1,0.96937290385919,1.03864469270829,0.94417242402044,1.06384517254704,1.01752655619859
"338",1,0.961147828842567,1.03063267555101,0.9361180051175,1.05566249927608,1
"339",1,0.96327950012605,1.03111584373581,0.938635833910908,1.05575950995095,1
"340",1,1.01479724603209,1.07849399818889,0.991608667029473,1.1016825771915,1
"341",1,0.955821414592806,1.02451340447665,0.930866908198862,1.0494679108706,1
"342",1,0.985570134279404,1.05143180980279,0.961979862926771,1.07502208115543,1.03709848579938
"343",1,0.947865961254414,1.01773188644234,0.922467163003132,1.04313068469362,1
"344",1,0.926661249233879,1.00370015591035,0.898556546288313,1.03180485885592,1
"345",1,0.959416059088142,1.02645625889485,0.934941900082219,1.05093041790077,1
"346",1,1.01231541547546,1.07284527840889,0.990171640349469,1.09498905353488,1.03709848579938
"347",1,1.04252085714743,1.09981689694879,1.02160396858577,1.12073378551045,1.07841895407064
"348",1,0.951448766920401,1.02149287313377,0.925788637452076,1.0471530026021,1
"349",1,0.955396459968017,1.02248068372136,0.931162933828452,1.04671420986093,1
"350",1,0.976826697841745,1.04631354169165,0.951512529724113,1.07162770980928,1.01752655619859
"351",1,1.02584307568781,1.08197078637357,1.00532406832021,1.10248979374117,1.03709848579938
"352",1,0.946833365821384,1.01982822426875,0.920334329784664,1.04632726030547,1
"353",1,1.02403415396392,1.10424613441228,0.994485399611178,1.13379488876502,1.02800109379273
"354",1,0.935137381159567,1.01027339120131,0.90793772209741,1.03747305026347,1
"355",1,1.01952033382787,1.08067011233854,0.997212172479646,1.10297827368677,1.03709848579938
"356",1,0.944879521924219,1.01888411465409,0.917957288818233,1.04580634776008,1
"357",1,0.94408653049733,1.01471859551366,0.918211006760713,1.04059411925028,1
"358",1,0.941904481289852,1.00751762910338,0.918001506820808,1.03142060357242,1
"359",1,0.954951003134194,1.02613707014453,0.928999645262536,1.05208842801619,1
"360",1,0.953005160184347,1.02364340712482,0.927307574667308,1.04934099264186,1.01752655619859
"361",1,1.03463347177001,1.11941449332985,1.00372598209363,1.15032198300623,1.03382032949953
"362",1,0.968391946524117,1.03547969531968,0.944003116172155,1.05986852567164,1
"363",1,1.01441212718492,1.0756253095181,0.991799749269174,1.09823768743385,1.03709848579938
"364",1,0.977638561313067,1.04547799909977,0.952907239556534,1.0702093208563,1
"365",1,1.00465891605358,1.06300050051643,0.983196617088388,1.08446279948163,1.03709848579938
"366",1,0.987022774358684,1.05244501854371,0.963473070515795,1.0759947223866,1.01752655619859
"367",1,0.98633920916623,1.05341475911417,0.96207459350665,1.07767937477375,1
"368",1,0.990084586854405,1.05236494276917,0.967459306344696,1.07499022327888,1
"369",1,1.03631475809613,1.09877926786278,1.01371818866021,1.12137583729871,1.03709848579938
"370",1,0.936005662179229,1.00734104090456,0.90989068291053,1.03345602017326,1
"371",1,0.953852662656597,1.02034185072793,0.929443965091729,1.0447505482928,1
"372",1,1.00112272250767,1.11714871568882,0.958735871964622,1.15953556623186,1
"373",1,1.01863770485383,1.08675397311422,0.993701201182485,1.11169047678557,1.04827586206897
"374",1,0.95952905839785,1.02591136953536,0.935176530760049,1.05026389717316,1
"375",1,0.972949061514024,1.04264034558043,0.947595972930186,1.06799343416427,1.01752655619859
"376",1,0.952536493199031,1.02189635126241,0.927127032874286,1.04730581158715,1
"377",1,0.960708366672621,1.02809740064605,0.935969328685252,1.05283643863342,1
"378",1,0.980904953965394,1.0471410969665,0.956690534926461,1.07135551600543,1
"379",1,1.00333807104987,1.06632607020786,0.980632472361822,1.08903166889592,1.03709848579938
"380",1,0.93618418185621,1.01151646931355,0.908759727076283,1.03894092409348,1
"381",1,0.961633149059124,1.02779197546178,0.937379484953279,1.05204563956762,1.01752655619859
"382",1,1.03194789508349,1.10696559872222,1.00465710095928,1.13425639284644,1.02800109379273
"383",1,1.00112476819651,1.06146760255631,0.979341897550014,1.08325047320281,1.03709848579938
"384",1,0.96379222496292,1.03239178329508,0.938678794913234,1.05750521334477,1
"385",1,0.99594562952367,1.07058844858762,0.968791215177218,1.09774286293407,1
"386",1,0.954565658264438,1.02441710975261,0.92890482809905,1.050077939918,1
"387",1,0.976211889037285,1.05581695962534,0.94745532823947,1.08457352042315,1
"388",1,0.963538977631261,1.031610163203,0.939070479015418,1.05607866181885,1
"389",1,0.985197215506135,1.05246416027021,0.960554478166799,1.07710689760954,1.01752655619859
"390",1,0.94389800057429,1.01538670375989,0.917781602908867,1.04150310142532,1
"391",1,1.00186531553004,1.08992514730932,0.969784978266679,1.12200548457268,1
"392",1,0.942824486821128,1.01593487154477,0.916283511735229,1.04247584663067,1
"393",1,0.965137884440387,1.03236913185781,0.94023380625721,1.05727321004099,1
"394",1,0.935125500696068,1.03446369215763,0.898683020589502,1.07090617226419,1
"395",1,0.931269934077177,1.00401935462826,0.904655850860086,1.03063343784535,1
"396",1,0.950636026223482,1.02027467302023,0.92482242386606,1.04608827537766,1
"397",1,0.990007040902745,1.0672591528038,0.962041341042279,1.09522485266427,1
"398",1,0.982912567211231,1.04918631743715,0.958938003025042,1.07316088162334,1
"399",1,1.0455456292223,1.10019947023385,1.02576063077581,1.11998446868034,1.07841895407064
"400",1,0.955366263101946,1.0276738947968,0.929153600613887,1.05388655728486,1
"401",1,0.99644216428076,1.06395047806653,0.971952108773727,1.08844053357357,1.01752655619859
"402",1,0.949510585595774,1.02403833811852,0.922283956278678,1.05126496743562,1
"403",1,0.996738680585029,1.06010417725131,0.973686858945351,1.08315599889098,1.03709848579938
"404",1,0.993738074416567,1.05523888467663,0.971380298893176,1.07759666020002,1.03709848579938
"405",1,0.931227806074677,1.00112774530412,0.905709650816515,1.02664590056229,1
"406",1,0.959422827232732,1.02890148081258,0.934129367315565,1.05419494072974,1
"407",1,0.958021630612961,1.03044986070245,0.931765249295491,1.05670624201992,1
"408",1,0.957883919138606,1.02690919124929,0.932773119964951,1.05201999042295,1
"409",1,1.00957839056998,1.07536910147188,0.985526811319343,1.09942068072253,1.03709848579938
"410",1,1.02172494174282,1.08129455445751,1.00000844014693,1.1030110560534,1.07841895407064
"411",1,0.98734745361061,1.05061019233243,0.964220043173456,1.07373760276958,1.03709848579938
"412",1,1.01365512866001,1.07583413717861,0.990939767483328,1.0985494983553,1.03709848579938
"413",1,0.972299716249575,1.0361985025075,0.948988684410778,1.0595095343463,1
"414",1,0.907922272818353,0.985958117882562,0.879135355469415,1.0147450352315,1
"415",1,1.05240031489374,1.10565223414459,1.03312282002512,1.12492972901321,1.07841895407064
"416",1,1.07344111661779,1.1249721788484,1.05479972760904,1.14361356785715,1.07841895407064
"417",1,0.95500110356231,1.02305876761936,0.930277035796324,1.04778283538535,1
"418",1,0.950675875235203,1.01932384814267,0.925649796580981,1.04434992679689,1
"419",1,1.01116160732473,1.0680003306152,0.990165170898708,1.08899676704122,1.03709848579938
"420",1,0.968823079371213,1.03788454716305,0.943716730565781,1.06299089596848,1.01752655619859
"421",1,0.94948947382997,1.01600654540192,0.925002664205307,1.04049335502659,1
"422",1,1.01012072859771,1.09901650480703,0.97809870201458,1.13103853139016,1.03039723661485
"423",1,1.00846533166854,1.06514049277003,0.98776064716425,1.08584517727431,1.03709848579938
"424",1,1.00899415213392,1.07032241460654,0.986699103990583,1.09261746274988,1.03709848579938
"425",1,0.95317494670005,1.02587498364638,0.926820031089126,1.05222989925731,1
"426",1,0.938093563027209,1.00983551108139,0.911866347580436,1.03606272652816,1
"427",1,0.934055814890029,1.00631605691191,0.907712859317978,1.03265901248396,1
"428",1,0.95029615763166,1.01851171127607,0.925288502344422,1.04351936656331,1
"429",1,0.960273416795264,1.0303290493174,0.934662679740417,1.05593978637225,1
"430",1,0.97708937358409,1.04527597676073,0.95238804410904,1.06997730623578,1
"431",1,0.955657844818976,1.02477906788408,0.930494506225871,1.04994240647718,1
"432",1,0.955895033094341,1.0256917676074,0.930556999396521,1.05102980130522,1
"433",1,1.03327267756651,1.11204845306288,1.00451424813355,1.14080688249585,1.05619316400125
"434",1,0.95944830204569,1.02544264288883,0.935204431142889,1.04968651379163,1
"435",1,0.96887690120058,1.03410500990195,0.945014356318142,1.05796755478439,1.01752655619859
"436",1,0.961640677079841,1.0327955358035,0.935410263066703,1.05902594981663,1.01752655619859
"437",1,0.961015444759772,1.03036384812296,0.935822475709629,1.0555568171731,1
"438",1,0.939671005034985,1.01125068792449,0.913612672773719,1.03730902018575,1
"439",1,0.988684041032382,1.05111391133893,0.966179633839323,1.07361831853198,1
"440",1,0.951720603807573,1.0244830761923,0.92517599459413,1.05102768540575,1
"441",1,0.952233716087975,1.02225320784049,0.927011302584811,1.04747562134366,1
"442",1,0.965787070520009,1.03242919807652,0.941118217420124,1.0570980511764,1
"443",1,1.01388122682826,1.07780318263526,0.990594356306393,1.10109005315713,1.01752655619859
"444",1,0.986503444164959,1.05231323909539,0.962629561966285,1.07618712129406,1
"445",1,0.973051287996777,1.03982537644139,0.948606139368187,1.06427052506998,1
"446",1,0.950430457058965,1.01971283990966,0.924801937565029,1.0453413594036,1
"447",1,0.99918602180934,1.06593742580633,0.97495352245744,1.09016992515823,1.01752655619859
"448",1,0.991327967859582,1.05464644361148,0.968002498577752,1.07797191289331,1.01752655619859
"449",1,0.991218452605458,1.05735927138648,0.967140119728673,1.08143760426327,1.01752655619859
"450",1,0.983348385696519,1.05307592505428,0.958053259607913,1.07837105114288,1
"451",1,1.00150890787973,1.0638873011069,0.978927577999661,1.08646863098696,1.01752655619859
"452",1,1.03173373410669,1.09223758554284,1.00975382422092,1.11421749542861,1.01752655619859
"453",1,0.973062630882942,1.03939164374077,0.948915786613189,1.06353848801052,1
"454",1,0.96891112140006,1.03482341784704,0.944613317211093,1.05912122203601,1
"455",1,1.02995250871579,1.08717425026705,1.00896056042819,1.10816619855465,1.03709848579938
"456",1,0.997388005090502,1.06437733637625,0.972812790494636,1.08895255097211,1.01752655619859
"457",1,0.997317315451485,1.07255872214294,0.970098696797277,1.09977734079715,1
"458",1,0.999866203604887,1.0669660430798,0.975524330713966,1.09130791597072,1.01752655619859
"459",1,0.980457052818722,1.04326803884957,0.957478769328498,1.06624632233979,1
"460",1,0.967466034796256,1.03701929921406,0.942056695536769,1.06242863847355,1
"461",1,0.968449610852982,1.03958021548725,0.942591055745639,1.06543877059459,1
"462",1,0.978787923541479,1.04250287112025,0.95538141710557,1.06590937755616,1.03709848579938
"463",1,0.969516395404451,1.03555797858079,0.945575274814523,1.05949909917072,1
"464",1,0.99284730616327,1.05787495189458,0.969107864067371,1.08161439399047,1.03709848579938
"465",1,0.988626681321011,1.05288536613074,0.965053211657444,1.07645883579431,1.03709848579938
"466",1,0.939010285407239,1.00676301115999,0.914103164989359,1.03167013157787,1
"467",1,0.976262855690966,1.04353670792732,0.951703397913087,1.0680961657052,1.01752655619859
"468",1,0.953124143131758,1.02591715404868,0.926679813022348,1.05236148415809,1
"469",1,1.01313877740318,1.07080554006926,0.992204239621841,1.0917400778506,1.03709848579938
"470",1,0.956155848488877,1.02552008767739,0.931010212433993,1.05066572373227,1
"471",1,1.01457077993606,1.07639627522855,0.992126513824837,1.09884054133978,1.03709848579938
"472",1,0.979493337264536,1.06978464546518,0.946254560775717,1.103023421954,1
"473",1,0.978077482323103,1.04642867629161,0.953177033269794,1.07132912534492,1
"474",1,1.00002105066511,1.06583593312574,0.976178902496946,1.0896780812939,1
"475",1,0.995375444303872,1.06130295976591,0.971273852434809,1.08540455163497,1.03709848579938
"476",1,1.00776580566032,1.06640115946173,0.986554435419459,1.08761252970259,1.03709848579938
"477",1,1.02124433119639,1.08264844561559,0.998890378913382,1.1050023978986,1.03709848579938
"478",1,1.01075744484964,1.06841248761018,0.989797745320794,1.08937218713903,1.03709848579938
"479",1,0.959873859097752,1.03048049639266,0.934223797353872,1.05613055813654,1
"480",1,1.07437269841499,1.12688590472223,1.05512148529423,1.14613711784299,1.07841895407064
"481",1,0.992547618487447,1.05522396198772,0.969650569889181,1.07812101058599,1.03709848579938
"482",1,0.996091458889865,1.06215861636704,0.97212421303416,1.08612586222274,1.01752655619859
"483",1,0.989543510957399,1.05808641255198,0.964905451862259,1.08272447164711,1
"484",1,0.96039092655935,1.03263311677747,0.933778109861303,1.05924593347552,1
"485",1,0.955738860955977,1.02959256289523,0.92887152061933,1.05645990323188,1
"486",1,0.937965872320954,1.00907978889105,0.9120771006531,1.03496856055891,1
"487",1,0.955687510106482,1.02467129094492,0.930627001553416,1.04973179949799,1
"488",1,1.07137624544922,1.1802679220685,1.0317068338624,1.21993733365532,1
"489",1,0.964583803332992,1.03443722168118,0.938922250616251,1.06009877439792,1
"490",1,0.995078133237903,1.06715718385546,0.968966722863925,1.09326859422943,1
"491",1,0.921060055043422,0.995108656813924,0.894065140938066,1.02210357091928,1
"492",1,0.929373437510463,1.00158568690081,0.902882181497649,1.02807694291362,1
"493",1,0.996402873445021,1.06415869800747,0.97189216808395,1.08866940336854,1.01752655619859
"494",1,1.01015579279134,1.07126843788849,0.98786117815089,1.09356305252894,1.03709848579938
"495",1,1.01564960710525,1.07362841414147,0.994439090463325,1.0948389307834,1.03709848579938
"496",1,0.938125677056984,1.01027779400306,0.911822139206053,1.03658133185399,1
"497",1,0.962448027610858,1.03263911288028,0.93662661616628,1.05846052432486,1
"498",1,0.959566150596191,1.02635644162503,0.935012838490766,1.05090975373045,1
"499",1,0.964770136234831,1.03388219004621,0.939539611876574,1.05911271440447,1
"500",1,0.955550847654545,1.02411270804785,0.930678596037865,1.04898495966454,1.01752655619859
"501",1,0.971744417972192,1.04163647906888,0.946425268045231,1.06695562899584,1
"502",1,0.976423209827144,1.03828940431776,0.953522259336873,1.06119035480803,1
"503",1,0.936606345896953,1.00951639852303,0.90985909890864,1.03626364551135,1
"504",1,0.965015989479523,1.03660856483545,0.938952963761115,1.06267159055386,1
"505",1,0.985861751563836,1.05133040698595,0.962345445793628,1.07484671275616,1.01752655619859
"506",1,0.979516749300546,1.04222957492785,0.956782356079394,1.06496396814901,1
"507",1,0.987984293152883,1.05487039602401,0.963412821986085,1.07944186719081,1.01752655619859
"508",1,0.988983038780382,1.05258661934265,0.966023086985927,1.0755465711371,1.03709848579938
"509",1,1.00646818718352,1.0699644328322,0.983093428759312,1.09333919125641,1.03709848579938
"510",1,1.00506374687358,1.06737396190114,0.982522993641103,1.08991471513362,1.03709848579938
"511",1,0.972425167293127,1.04003178638566,0.947657992828148,1.06479896085064,1.01752655619859
"512",1,0.937171219258366,1.00965149255571,0.911062383301809,1.03576032851227,1
"513",1,0.946665815027202,1.01748605899899,0.920685219909534,1.04346665411666,1
"514",1,0.96339427842146,1.03235224600373,0.938220005847694,1.0575265185775,1
"515",1,0.948829849086319,1.01794159976796,0.923740482371617,1.04303096648267,1
"516",1,0.94577595544742,1.01970264567105,0.918900921797975,1.0465776793205,1
"517",1,0.934962656326895,1.00881184368073,0.908059279508347,1.03571522049928,1
"518",1,0.946088928926942,1.01429821067432,0.921309781309156,1.03907735829211,1
"519",1,1.00578732335892,1.0689807117545,0.982862597459285,1.09190543765413,1.01752655619859
"520",1,1.00908495374767,1.06661708795496,0.9880818749293,1.08762016677332,1.03709848579938
"521",1,0.959012060980036,1.02860257007507,0.933660127448151,1.05395450360695,1
"522",1,0.947747414656341,1.01860136307613,0.922043660075839,1.04430511765663,1
"523",1,0.973633770274085,1.04373046266009,0.948222608326508,1.06914162460767,1
"524",1,0.9548361405406,1.02888195243312,0.928068918521902,1.05564917445182,1
"525",1,0.972316930052688,1.04246210652675,0.946369251166624,1.06840978541282,1
"526",1,1.00505596654392,1.06438014541509,0.983413805503579,1.08602230645543,1.03709848579938
"527",1,0.999689400356587,1.05986734960594,0.977705070200179,1.08185167976235,1.03709848579938
"528",1,0.965879381632134,1.04172166759488,0.938694916990689,1.06890613223632,1
"529",1,0.998413590989198,1.0644296503457,0.974481723188487,1.08836151814641,1.01752655619859
"530",1,1.00564612219724,1.06895946814236,0.982758637485488,1.09184695285411,1.03709848579938
"531",1,0.96170568371617,1.03151171951775,0.936364273408203,1.05685312982572,1
"532",1,0.959468090775193,1.02968397290037,0.933870420306337,1.05528164336922,1
"533",1,1.02237772826861,1.08263587490324,1.00045633379308,1.10455726937877,1.03709848579938
"534",1,0.984094772518367,1.04930384934989,0.960255825381694,1.07314279648656,1
"535",1,0.977257057194612,1.04552237211191,0.952596873310598,1.07018255599592,1
"536",1,0.996182676655196,1.05914666949764,0.97318054341735,1.08214880273548,1.03709848579938
"537",1,1.01713526536467,1.08087892837191,0.994010915818286,1.10400327791829,1
"538",1,0.972384945925051,1.04499555787841,0.945914260646035,1.07146624315742,1
"539",1,0.965130871207504,1.03375541944608,0.940130838757327,1.05875545189626,1
"540",1,0.98684613046645,1.05096934254817,0.963306001071105,1.07450947194352,1.03709848579938
"541",1,0.987835686605189,1.05307629979383,0.963985210497601,1.07692677590142,1.01752655619859
"542",1,0.992662782857667,1.05660117275571,0.969647214299188,1.07961674131419,1.01752655619859
"543",1,0.986224473670006,1.05481165591322,0.961273047814933,1.07976308176829,1.01752655619859
"544",1,0.997259078511369,1.06148141559298,0.973961079913581,1.08477941419077,1.01752655619859
"545",1,1.00697135659833,1.06669865495543,0.9851668959732,1.08850311558056,1.03709848579938
"546",1,1.01325004069074,1.07395799902491,0.991211469621068,1.09599657009458,1.03709848579938
"547",1,0.969348737419572,1.03667123549064,0.944737171812358,1.06128280109785,1
"548",1,1.00533147363417,1.066131232388,0.983290597474719,1.08817210854746,1.03709848579938
"549",1,0.954060556442884,1.0232750048181,0.929110478503742,1.04822508275724,1
"550",1,1.01684788640009,1.07502572657719,0.995356775200435,1.09651683777684,1.03709848579938
"551",1,0.962944231614634,1.0280155567437,0.939188843615692,1.05177094474265,1
"552",1,1.01188187070834,1.07620901816326,0.988545849951262,1.09954503892034,1.01752655619859
"553",1,0.986564953911432,1.04840471794138,0.964194386576087,1.07077528527672,1.03709848579938
"554",1,0.937214179034733,1.0101548827838,0.910697587236286,1.03667147458225,1
"555",1,0.955378524383079,1.02660007690955,0.929650428293058,1.05232817299957,1
"556",1,1.0051612230424,1.06898968805839,0.981713014514188,1.09243789658659,1.01752655619859
"557",1,0.991547122347212,1.05524093453741,0.968229623868705,1.07855843301592,1.01752655619859
"558",1,0.949309561094112,1.01981879686364,0.923568971827,1.04555938613075,1
"559",1,0.984873596060405,1.05292119529905,0.960049028250889,1.07774576310857,1
"560",1,0.959890866608238,1.02874788496525,0.934665617813408,1.05397313376008,1
"561",1,0.994846550466649,1.05635814848461,0.972453469156859,1.0787512297944,1.03709848579938
"562",1,1.02694251713318,1.08570312655398,1.00519115812033,1.10745448556682,1.03709848579938
"563",1,0.985004247160916,1.05167637054643,0.96071548620084,1.07596513150651,1.01752655619859
"564",1,0.975596898578409,1.04287228787117,0.951071204481022,1.06739798196856,1
"565",1,0.969564532195719,1.04110178463643,0.943466897687075,1.06719941914507,1
"566",1,1.09666462154079,1.14841340821993,1.07770684425157,1.16737118550915,1.07841895407064
"567",1,0.978694134261381,1.04925844344877,0.953239463822516,1.07471311388764,1.01752655619859
"568",1,0.957616170002956,1.04931317682431,0.924538299394608,1.08239104743266,1
"569",1,1.04218641682603,1.10060204315288,1.02084590204475,1.12194255793416,1.07841895407064
"570",1,0.998296478286522,1.05795944749403,0.976241534457736,1.08001439132281,1.03709848579938
"571",1,1.02511135422107,1.08401937516644,1.00378631866421,1.10534441072329,1.03709848579938
"572",1,0.985258283901386,1.04556646240552,0.963226378130174,1.06759836817674,1.03709848579938
"573",1,0.983076857964326,1.04906672382889,0.958784127626148,1.07335945416707,1.01752655619859
"574",1,1.00380775899208,1.07168927668138,0.979095730788802,1.09640130488466,1.01752655619859
"575",1,0.943574737377743,1.01472613673362,0.917690471434035,1.04061040267733,1
"576",1,1.02468175789691,1.07958576469751,1.00449805763078,1.09976946496364,1.07841895407064
"577",1,0.983277644255902,1.04503234829393,0.960654274688353,1.06765571786148,1.03709848579938
"578",1,0.996519008397489,1.06026292726405,0.973264474011969,1.08351746164957,1.03709848579938
"579",1,0.96959802721226,1.03576170839845,0.945697038159892,1.05966269745082,1
"580",1,1.01363124049833,1.07377860468924,0.991826867707697,1.09558297747988,1.03709848579938
"581",1,0.949227216329079,1.02173911641256,0.922811015397472,1.04815531734417,1
"582",1,0.960437942464687,1.03138642133492,0.934663696113671,1.05716066768593,1
"583",1,0.966455952357782,1.03681139981173,0.940897143152998,1.06237020901651,1
"584",1,0.993439494797147,1.05939271491814,0.969816434088926,1.08301577562636,1
"585",1,0.982771014400947,1.04772212183083,0.959308055874617,1.07118508035716,1.01752655619859
"586",1,0.965405999359242,1.03057557943479,0.941913995300617,1.05406758349341,1
"587",1,1.00410811073447,1.06792942225063,0.980906748826345,1.09113078415876,1
"588",1,1.00845995642473,1.07156298644094,0.985390931837752,1.09463201102792,1.03709848579938
"589",1,0.957887384668984,1.02801128349166,0.932198023780685,1.05370064437996,1
"590",1,0.974887781659772,1.04594230947866,0.94871247996002,1.07211761117841,1
"591",1,0.976384586432442,1.04283981011973,0.952157889203904,1.06706650734827,1.01752655619859
"592",1,0.968286894346023,1.03705560860603,0.943479949048162,1.06186255390389,1
"593",1,0.969143108318605,1.03585670469576,0.944873276856114,1.06012653615825,1
"594",1,0.945572117569702,1.01664182320689,0.919518137135785,1.04269580364081,1
"595",1,0.990955244695822,1.05774331176021,0.96703315931542,1.08166539714061,1.01752655619859
"596",1,0.957738363375147,1.02747834263666,0.932349768761006,1.0528669372508,1
"597",1,0.943897346070739,1.01678141579349,0.917029478463625,1.0436492834006,1
"598",1,0.964660285110321,1.0333259523074,0.939837960768816,1.0581482766489,1.01752655619859
"599",1,0.965510726226673,1.0317774706955,0.941352740360555,1.05593545656162,1
"600",1,1.03775704445164,1.092955872173,1.01747904430549,1.11323387231915,1.03709848579938
"601",1,0.996293719777252,1.0583793168941,0.973264037864392,1.08140899880696,1.01752655619859
"602",1,0.945641900865726,1.01659265934639,0.919667726200509,1.04256683401161,1
"603",1,1.00199757800789,1.06474244631966,0.979299588720025,1.08744043560752,1.03709848579938
"604",1,0.968247856608023,1.03522910335606,0.943624345746168,1.05985261421791,1
"605",1,0.955824801917448,1.02522497571993,0.930453685579952,1.05059609205742,1
"606",1,1.01029013897787,1.07040707304167,0.988420116418721,1.09227709560082,1.03709848579938
"607",1,0.972171450120577,1.04090626854358,0.947236454354177,1.06584126430998,1
"608",1,0.958726559767502,1.02987697880743,0.932987858059325,1.05561568051561,1.01752655619859
"609",1,0.917342466016971,0.98951011119373,0.891309424023391,1.01554315318731,1
"610",1,0.993346383284753,1.05904267514308,0.969832108459688,1.08255694996815,1.01752655619859
"611",1,1.02878861552528,1.08957739508645,1.00670519661713,1.1116608139946,1.03709848579938
"612",1,1.00387997668817,1.06862358154182,0.979996480581205,1.09250707764878,1.01752655619859
"613",1,0.957134260034194,1.02432926351708,0.932826431995187,1.04863709155609,1
"614",1,1.01575516703669,1.07288959531051,0.99463492070959,1.09400984163761,1.03709848579938
"615",1,0.983017696160963,1.04776737853539,0.959445801609142,1.07133927308721,1
"616",1,0.957140620618142,1.02699406975034,0.931229575404177,1.05290511496431,1
"617",1,0.984133578944168,1.05211605434982,0.95919402678286,1.07705560651112,1.01752655619859
"618",1,0.975522995710624,1.03808314181807,0.952301327752239,1.06130480977645,1.03709848579938
"619",1,0.95617037778994,1.02313026935242,0.931691372829335,1.04760927431302,1.03709848579938
"620",1,0.956695222155377,1.02561784841908,0.931586599404906,1.05072647116955,1
"621",1,1.02294299040058,1.08265255853878,1.00120593174213,1.10438961719723,1.03709848579938
"622",1,0.91877246601168,0.993892446347716,0.891310319219365,1.02135459314003,1
"623",1,0.95518914188891,1.0220895467146,0.930936684839688,1.04634200376383,1
"624",1,0.980605236470203,1.06116807420639,0.951584900053703,1.09018841062289,1
"625",1,0.936341197813121,1.00801783527097,0.910485277083984,1.03387375600011,1
"626",1,0.999778210060584,1.06170328912169,0.977203007419987,1.08427849176229,1.01752655619859
"627",1,0.9726248999083,1.03999947956727,0.948063045298065,1.0645613341775,1
"628",1,1.00057102400771,1.05834871972952,0.979463559325557,1.07945618441167,1.03709848579938
"629",1,0.914139010675295,0.992589370035601,0.885719525267364,1.02100885544353,1
"630",1,0.948273879043204,1.01724648319599,0.923270216895765,1.04225014534343,1
"631",1,0.984910932202732,1.10053632779191,0.942906403313537,1.1425408566811,1
"632",1,0.952093944530907,1.02634725589928,0.925062287208209,1.05337891322198,1
"633",1,1.0068123202501,1.0694254162419,0.984018242469965,1.09221949402204,1.03709848579938
"634",1,1.02922521420308,1.08673700143042,1.00843496640836,1.10752724922513,1.03709848579938
"635",1,0.976180894768556,1.0632369926368,0.944799348315778,1.09461853908957,1
"636",1,0.962659173534013,1.02813531064519,0.938739298669984,1.05205518550922,1.01752655619859
"637",1,0.987332369589032,1.05385164921085,0.96287868615056,1.07830533264933,1.01752655619859
"638",1,1.0172880106412,1.07865480777775,0.994994608832493,1.10094820958645,1.01752655619859
"639",1,0.99710228417281,1.08652899085865,0.96452399219942,1.11910728283204,1
"640",1,0.990950776870451,1.06379402738535,0.964599692481129,1.09014511177467,1
"641",1,0.963835367836743,1.03633176427064,0.937387826272386,1.06277930583499,1
"642",1,0.942781411705225,1.01838393619661,0.915220004656403,1.04594534324543,1
"643",1,1.02040425361913,1.08204472117126,0.99793280801182,1.10451616677857,1.03709848579938
"644",1,0.929175133971205,0.999182489359413,0.903939232880436,1.02441839045018,1
"645",1,0.958818903419048,1.0261506929421,0.934152410691844,1.05081718566931,1
"646",1,0.965641059988358,1.03303591657113,0.941226549222041,1.05745042733745,1.01752655619859
"647",1,0.988828718875234,1.0493818320513,0.966630095541182,1.07158045538535,1.03709848579938
"648",1,0.966222242949274,1.03470551357044,0.940924267298152,1.06000348922157,1
"649",1,0.936748348734056,1.0080441147369,0.911048007833284,1.03374445563768,1
"650",1,0.984311039334872,1.05264027484292,0.959453452279214,1.07749786189857,1
"651",1,0.996132383175742,1.0858947226082,0.963660809424596,1.11836629635934,1.03382032949953
"652",1,1.00171649092784,1.06780393945664,0.977623868598437,1.09189656178605,1.01752655619859
"653",1,1.00093289175,1.06244939706485,0.978412477760662,1.08496981105419,1.03709848579938
"654",1,0.969129269936265,1.0355238738729,0.944958547464544,1.05969459634462,1.01752655619859
"655",1,0.945018015177822,1.01399209143476,0.920260159882496,1.03874994673008,1
"656",1,0.966186059061372,1.03514987740885,0.941080023103118,1.06025591336711,1
"657",1,0.957902712859357,1.02805571251983,0.932775379170373,1.05318304620882,1
"658",1,1.0022561361651,1.067610274073,0.978764292744008,1.09110211749409,1.01752655619859
"659",1,0.999613442568817,1.05864451796581,0.978138446035348,1.08011951449928,1.03709848579938
"660",1,1.00559934302062,1.07089158835664,0.981713334889698,1.09477759648757,1.01752655619859
"661",1,0.989657964550813,1.05609805309269,0.965521531509116,1.08023448613439,1
"662",1,0.987472888396888,1.05262863524238,0.963537085797506,1.07656443784176,1
"663",1,0.936135161687868,1.01071039613232,0.909557048722003,1.03728850909818,1
"664",1,0.998798439977836,1.06095957897129,0.976089606932232,1.08366841201689,1.03709848579938
"665",1,0.979808975923555,1.04231972400339,0.957036210629018,1.06509248929793,1.03709848579938
"666",1,0.969807980763463,1.04043388041407,0.944132904226281,1.06610895695125,1
"667",1,0.982035105953268,1.0494646031271,0.957522037668596,1.07397767141177,1
"668",1,1.02704883467242,1.107787890818,0.997985617956638,1.13685110753378,1.0607210626186
"669",1,0.963811873664448,1.03311679197283,0.938245738594382,1.0586829270429,1
"670",1,0.99324375523176,1.05544144403397,0.970458101540447,1.07822709772529,1.03709848579938
"671",1,0.981076621139435,1.04482410098822,0.957853312487609,1.06804740964005,1
"672",1,0.982490836050342,1.04521408960804,0.959560649050986,1.0681442766074,1.03709848579938
"673",1,0.956683860064091,1.02764379725573,0.930905451120679,1.05342220619914,1
"674",1,0.949785851874865,1.02284304877508,0.923413284415005,1.04921561623494,1
"675",1,0.962564766576893,1.03216086800981,0.937210795747389,1.05751483883932,1
"676",1,0.951567971146004,1.01987401371035,0.926736246814454,1.0447057380419,1.01752655619859
"677",1,0.989310063091539,1.05391368514016,0.965708937195214,1.07751481103648,1.01752655619859
"678",1,0.961785362082976,1.0321671695309,0.936396525515173,1.05755600609871,1.01752655619859
"679",1,0.935835030318812,1.00949051230578,0.908927060638402,1.03639848198619,1
"680",1,0.945636811405142,1.0179251550182,0.919099198781218,1.04446276764213,1
"681",1,0.974608271154095,1.04387855010931,0.949196284830803,1.0692905364326,1
"682",1,1.03661845829655,1.10649614389612,1.01114407963795,1.13197052255472,1.05707710011507
"683",1,0.949331538211712,1.02091136228105,0.923072289112259,1.0471706113805,1
"684",1,0.933041949873512,1.00665656743598,0.906317925125607,1.03338059218389,1
"685",1,0.980500936141339,1.04762406788694,0.956013624990774,1.0721113790375,1
"686",1,0.970225259176637,1.03499577278166,0.946579687513141,1.05864134444516,1
"687",1,0.952142807958186,1.01702397593132,0.928456840045758,1.04070994384375,1
"688",1,0.979220744715473,1.04578591571925,0.954936984232753,1.07006967620197,1.01752655619859
"689",1,0.972195016281886,1.04172164695927,0.946919563893382,1.06699709934777,1.01752655619859
"690",1,0.926816243727423,1.0016888800088,0.899578223857704,1.02892689987852,1
"691",1,1.00278405629456,1.06549543404514,0.979858210818685,1.08842127952102,1.03709848579938
"692",1,1.04843698955445,1.10337049565307,1.02829850044396,1.12350898476355,1.03709848579938
"693",1,1.00337810613805,1.07045037014939,0.979063347410244,1.09476512887719,1
"694",1,0.96345613634578,1.03048757560796,0.938831273984263,1.05511243796948,1
"695",1,1.00340405744644,1.08506817618885,0.973966184642651,1.11450604899264,1
"696",1,1.02848758464131,1.1081353460563,0.999756239555394,1.13686669114222,1.02800109379273
"697",1,0.969233545419167,1.03379780867381,0.945580915045181,1.0574504390478,1
"698",1,1.00869941033475,1.06842959714682,0.986695806787153,1.09043320069441,1.01752655619859
"699",1,0.911130085326946,0.983728626785986,0.884978646826386,1.00988006528655,1
"700",1,0.981986123585206,1.05182872524871,0.956827429410163,1.07698741942375,1
"701",1,0.97693976989835,1.04776945395848,0.951046057304027,1.0736631665528,1
"702",1,0.960883430093591,1.03022407570003,0.93569327929039,1.05541422650323,1
"703",1,0.992319360260321,1.05767070418057,0.968628462340282,1.08136160210061,1
"704",1,0.938877953621336,1.00857797722616,0.913699495118693,1.0337564357288,1
"705",1,0.949954243576867,1.02146424744464,0.923830064303146,1.04758842671836,1
"706",1,0.958466750857544,1.03000879135099,0.932294366187124,1.05618117602141,1
"707",1,0.997210053318598,1.06364541188697,0.972888909410441,1.08796655579512,1
"708",1,0.98347568501576,1.04770932603865,0.960206358544428,1.07097865250998,1.01752655619859
"709",1,0.971160652269697,1.03627837891875,0.947471384461998,1.05996764672645,1
"710",1,1.03142690702237,1.09030431665102,1.01018805305143,1.11154317062196,1.07841895407064
"711",1,0.959201503226763,1.02670389310747,0.934816918623507,1.05108847771073,1
"712",1,0.984253789072682,1.051650391264,0.959632326020585,1.07627185431609,1.01752655619859
"713",1,1.01362076766509,1.07456211438198,0.991481923982242,1.09670095806482,1.03709848579938
"714",1,0.958030210785207,1.03167580842727,0.931482814335797,1.05822320487668,1
"715",1,0.974339196059979,1.04470341412074,0.948759250273426,1.07028335990729,1
"716",1,0.962215283537981,1.03188222287099,0.937084321418068,1.0570131849909,1
"717",1,1.06355751746168,1.15137918440505,1.03151913623188,1.18341756563485,1.06601941747573
"718",1,0.977281997867727,1.04103677569162,0.954088559097509,1.06423021446184,1
"719",1,0.982890877213144,1.04328500519851,0.960765944409945,1.06540993800171,1.03709848579938
"720",1,0.943506788917015,1.01347228256216,0.918071793919602,1.03890727755958,1
"721",1,1.02585011587948,1.10830806392526,0.995768482646295,1.13838969715845,1
"722",1,0.956055353621493,1.02788358627156,0.929888213827034,1.05405072606602,1
"723",1,0.993469103802919,1.05661290978411,0.970465714504539,1.07961629908249,1
"724",1,0.947506378092935,1.01637299968211,0.922453294611848,1.04142608316319,1
"725",1,0.960108323482166,1.02632697044027,0.936035443175525,1.05039985074691,1.01752655619859
"726",1,0.946143182639648,1.01391140309975,0.921437823636878,1.03861676210252,1
"727",1,0.955440264091169,1.04500559436009,0.922605832859716,1.07784002559154,1
"728",1,0.953088555244248,1.02525768104649,0.926686762552899,1.05165947373784,1
"729",1,0.975870396196303,1.04323371749282,0.951450124589676,1.06765398909945,1.01752655619859
"730",1,1.0044242988679,1.06801692634822,0.981143842830995,1.09129738238512,1
"731",1,1.02557170662322,1.08369488789858,1.00439733891824,1.10486925560355,1.03709848579938
"732",1,0.973291166741789,1.04008395628964,0.949231075546611,1.06414404748482,1
"733",1,0.949489673911326,1.02024778021039,0.923712382854489,1.04602507126723,1
"734",1,0.945565495606324,1.01486739260447,0.92019494826043,1.04023793995037,1
"735",1,0.988349175961214,1.05464329447311,0.964350331461113,1.07864213897321,1
"736",1,0.942916956396522,1.01297549708211,0.917376645804088,1.03851580767455,1
"737",1,0.935258501823528,1.01011937239856,0.908005664704604,1.03737220951748,1
"738",1,0.970495971736728,1.03893872635153,0.945649468029925,1.06378523005833,1
"739",1,0.964754234658782,1.03722091433613,0.938151153479978,1.06382399551493,1.01752655619859
"740",1,1.00813715319534,1.06571145888614,0.986957115443086,1.0868914966384,1.03709848579938
"741",1,0.963530837490358,1.03144734795191,0.938944677961534,1.05603350748073,1
"742",1,1.02435136808911,1.0830639643591,1.00299223151757,1.10442310093064,1.03709848579938
"743",1,0.963271305858791,1.03719133217563,0.936624984734182,1.06383765330024,1.01752655619859
"744",1,0.960305331451975,1.02948438575782,0.935191531767593,1.05459818544221,1.01752655619859
"745",1,0.956403886625081,1.02686188101389,0.93114933591032,1.05211643172865,1
"746",1,0.996036742955621,1.0585097472193,0.97315022952367,1.08139626065125,1.03709848579938
"747",1,1.04566570160557,1.10028431769088,1.02557298252225,1.1203770367742,1.07841895407064
"748",1,0.957289472871109,1.02371380833834,0.932870692611295,1.04813258859815,1
"749",1,0.956965558535915,1.02746080319207,0.931409915073782,1.0530164466542,1
"750",1,0.939359890669664,1.013327542198,0.912394487517679,1.04029294534999,1
"751",1,0.959476413202787,1.0329839407976,0.932716255844632,1.05974409815576,1
"752",1,0.95008531562956,1.01711933048384,0.925852826140301,1.0413518199731,1
"753",1,0.949331305453653,1.02533073948289,0.92181908204222,1.05284296289432,1
"754",1,0.978382011063495,1.04573328624976,0.9535881075664,1.07052718974686,1.01752655619859
"755",1,1.01027257408219,1.11315228710967,0.97245214143593,1.15097271975592,1
"756",1,1.04276659740297,1.12208689050123,1.01397126373204,1.15088222417216,1.0607210626186
"757",1,1.0016179645103,1.0679558540947,0.977417118973444,1.09215669963155,1
"758",1,0.993595974242963,1.05819262156439,0.970046833486188,1.08174176232117,1.01752655619859
"759",1,0.997362066489483,1.05880973487487,0.975039285678956,1.08113251568539,1.03709848579938
"760",1,0.949242471824241,1.01934411117635,0.923829516523048,1.04475706647754,1
"761",1,0.969477782341324,1.03851924987719,0.944290639639906,1.06370639257861,1.01752655619859
"762",1,0.947482610837228,1.01812498601072,0.921567267361936,1.04404032948601,1
"763",1,1.02632490591508,1.08330220142651,1.00572787442877,1.10389923291282,1.03709848579938
"764",1,0.956766036477131,1.02766166679936,0.930974817103791,1.0534528861727,1
"765",1,0.995017984776421,1.05541170682626,0.973262964961078,1.07716672664161,1.03709848579938
"766",1,1.00422462654367,1.06943020247656,0.980653109353926,1.0930017196663,1.01752655619859
"767",1,0.996023321327561,1.05924458911151,0.973152994278742,1.08211491616032,1
"768",1,0.934587228974286,1.00613311746728,0.908449940256686,1.03227040618488,1
"769",1,0.931998888842588,1.00413514177681,0.905664329436533,1.03046970118287,1
"770",1,0.961799183327303,1.02952977634512,0.93691747783081,1.05441148184161,1
"771",1,0.953328892350942,1.02354926800756,0.927854979567215,1.04902318079129,1
"772",1,0.968390131619202,1.03806198713039,0.943115206012833,1.06333691273676,1
"773",1,1.01828995520233,1.07881465117901,0.996395114430591,1.10070949195075,1.03709848579938
"774",1,0.964318784310929,1.03367885307462,0.939015412119086,1.05898222526646,1
"775",1,1.00385250893501,1.07928371592743,0.976141883735903,1.10699434112654,1
"776",1,0.979438828956157,1.04820645583113,0.954316500393119,1.07332878439417,1
"777",1,0.965855185487461,1.03828032763751,0.93935973376304,1.06477577936193,1.01752655619859
"778",1,0.97447077844466,1.04069888686988,0.950580306148297,1.06458935916624,1
"779",1,0.972805035803134,1.04083449956381,0.948108567447726,1.06553096791922,1
"780",1,0.97158193607493,1.03942045389487,0.947058622446583,1.06394376752322,1.01752655619859
"781",1,1.0162625499978,1.07644078514093,0.994139948543872,1.09856338659486,1.03709848579938
"782",1,0.948304420603643,1.01941584152973,0.922253288448691,1.04546697368468,1
"783",1,0.987902425929864,1.05492440529187,0.963315234300271,1.07951159692146,1
"784",1,0.968110969385253,1.03665861160754,0.943366284461319,1.06140329653148,1
"785",1,0.944850156728042,1.01546953461567,0.918997296303695,1.04132239504002,1
"786",1,0.998470988376318,1.06269346381675,0.974943569387522,1.08622088280554,1.03709848579938
"787",1,1.00116313275652,1.05911052031453,0.980082372520274,1.08019128055077,1.03709848579938
"788",1,1.01392395867448,1.07457525797031,0.991581032667051,1.09691818397774,1.03709848579938
"789",1,0.988054735728744,1.04791909750036,0.966032247969243,1.06994158525986,1.03709848579938
"790",1,0.987424817732896,1.05241168328714,0.963617370197158,1.07621913082288,1.03709848579938
"791",1,0.963617775922244,1.02922952017146,0.939480980809981,1.05336631528372,1
"792",1,0.9756461596185,1.04517565078761,0.950316455014413,1.0705053553917,1.01752655619859
"793",1,0.990768032897278,1.05640016715634,0.966824655237718,1.0803435448159,1
"794",1,0.968816842742368,1.03196899718219,0.945762080468642,1.05502375945591,1.03709848579938
"795",1,0.933820381230185,1.00919767920329,0.906514145321217,1.03650391511225,1
"796",1,0.997136515490687,1.064869696089,0.972443930504398,1.08956228107529,1.01752655619859
"797",1,0.99465615370843,1.05903696330273,0.97097218633154,1.08272093067962,1
"798",1,0.943872489039622,1.01574174490732,0.917708738752246,1.0419054951947,1
"799",1,0.967028158695097,1.03356069857021,0.942756302433471,1.05783255483184,1
"800",1,0.970437298181688,1.03754362434123,0.946178668486616,1.0618022540363,1.01752655619859
"801",1,0.98517734821083,1.04962124568832,0.961568812930523,1.07322978096863,1
"802",1,0.993486556487701,1.05469586435633,0.971234752658092,1.07694766818594,1.03709848579938
"803",1,0.9719397543104,1.0430313688429,0.946113509468655,1.06885761368464,1.01752655619859
"804",1,0.958277973037726,1.02647231561401,0.933504252539482,1.05124603611225,1
"805",1,1.01408990309607,1.07434868188288,0.992337375268119,1.09610120971083,1.03709848579938
"806",1,1.04643246251362,1.09814687685713,1.02735535031946,1.11722398905129,1.07841895407064
"807",1,0.976601352152996,1.04052479150252,0.953216097377306,1.06391004627821,1
"808",1,0.977159407806489,1.0681270224834,0.943834108988005,1.10145232130188,1
"809",1,0.966805505930063,1.03320475827145,0.942429824470463,1.05758043973105,1
"810",1,0.939243800427124,1.01205050495861,0.912664481323983,1.03862982406175,1
"811",1,0.930598591323428,1.00260241971612,0.904569536991751,1.0286314740478,1
"812",1,1.03199309232597,1.09005092211796,1.01107950735901,1.11096450708492,1.03709848579938
"813",1,0.9575758761857,1.02326071349536,0.93378083827044,1.04705575141062,1
"814",1,0.975308197264214,1.04482883602319,0.950034923155412,1.07010211013199,1
"815",1,1.01440188582399,1.07326100015403,0.992869324396048,1.09479356158197,1.03709848579938
"816",1,0.989717789094011,1.05492745607525,0.965645730264791,1.07899951490447,1
"817",1,1.02199675730306,1.08583994996258,0.998575712041381,1.10926099522425,1.01752655619859
"818",1,1.00348317186071,1.06646183086883,0.980539945868194,1.08940505686135,1.03709848579938
"819",1,0.979836032931225,1.05001167853291,0.954342542353538,1.0755051691106,1
"820",1,0.940137120537412,1.01291030720568,0.913607167556377,1.03944026018671,1
"821",1,0.979372937942216,1.0474145091333,0.95463735854877,1.07215008852674,1
"822",1,0.977262946590657,1.04805828477317,0.951255367493888,1.07406586386994,1
"823",1,0.97734665893362,1.04146667338309,0.953987635332189,1.06482569698452,1
"824",1,1.01232469878407,1.07340078397838,0.989949936106244,1.0957755466562,1.03709848579938
"825",1,0.969787532299775,1.04101847360977,0.9438561581862,1.06694984772335,1.01752655619859
"826",1,0.959922247162004,1.02715998101196,0.935427433407001,1.05165479476696,1
"827",1,0.996934971264263,1.05844397510118,0.974558525717716,1.08082042064773,1.03709848579938
"828",1,0.957088190476134,1.02496851837392,0.932480495782546,1.0495762130675,1
"829",1,0.972496956736146,1.03860337102924,0.94843114869241,1.06266917907297,1.03709848579938
"830",1,0.966150669346468,1.03695219291349,0.940465932979903,1.06263692928006,1
"831",1,0.951609890255353,1.02133592010394,0.926012922923657,1.04693288743563,1
"832",1,0.933861250902213,1.0079638496674,0.90701678847439,1.03480831209522,1
"833",1,0.97665309618357,1.03741021886601,0.954457181216952,1.05960613383263,1.03709848579938
"834",1,0.953713229794907,1.02360309803638,0.928198751121268,1.04911757671002,1
"835",1,0.95445151712345,1.02625583822395,0.928421312702779,1.05228604264462,1
"836",1,0.944081728113942,1.01483479501369,0.918270173751471,1.04064634937616,1
"837",1,0.930556285195873,0.998644461177557,0.905664805255841,1.02353594111759,1
"838",1,1.04070584649156,1.09701315164274,1.02010681912238,1.11761217901192,1.07841895407064
"839",1,1.003599983891,1.06503545425111,0.981140580976663,1.08749485716545,1.03709848579938
"840",1,0.984596319074664,1.07447713932084,0.951669159190427,1.10740429920508,1
"841",1,0.988301478328958,1.05219928015769,0.965121211695001,1.07537954679165,1
"842",1,1.01741633838439,1.0781913953306,0.995275888140055,1.10033184557494,1.03709848579938
"843",1,0.977636454454917,1.04538657183351,0.952937695051854,1.07008533123657,1
"844",1,0.993563802396808,1.05914547687688,0.969822866651186,1.08288641262251,1
"845",1,0.956760088609638,1.02590722360107,0.931446197675602,1.0512211145351,1
"846",1,0.957896571942287,1.02772365423537,0.932565334567906,1.05305489160975,1
"847",1,0.977328190321058,1.04176043435017,0.953674612896637,1.06541401177459,1
"848",1,0.997505886007888,1.06483274562149,0.97321906108345,1.08911957054593,1.03709848579938
"849",1,1.00948464139178,1.06961914012252,0.987516184666735,1.09158759684756,1.03709848579938
"850",1,0.999036732223276,1.08512807469151,0.967585668834798,1.11657913807999,1.03039723661485
"851",1,0.957208324988788,1.02471674803467,0.93268378613947,1.04924128688398,1
"852",1,0.970147164726739,1.03655837375709,0.945868745551333,1.06083679293249,1
"853",1,0.94717912495716,1.01609056081794,0.921793302553035,1.04147638322207,1
"854",1,0.961166225341327,1.02688117293799,0.937259693699396,1.05078770457992,1.01752655619859
"855",1,0.981934526448909,1.05233215176861,0.956216723556649,1.07804995466087,1
"856",1,0.98604207261423,1.04936108408542,0.962813324617554,1.07258983208209,1.03709848579938
"857",1,1.02066283752915,1.08601158616084,0.996939538631403,1.10973488505858,1.01752655619859
"858",1,0.97163083079378,1.03978388631057,0.946767791288614,1.06464692581573,1.01752655619859
"859",1,0.993959378453253,1.05769680308234,0.970577134475235,1.08107904706036,1.01752655619859
"860",1,0.95756763526763,1.02893627274702,0.931130967856442,1.05537294015821,1
"861",1,0.956904100699857,1.02340021228622,0.932628570302684,1.0476757426834,1.01752655619859
"862",1,0.967018557153901,1.03926990497635,0.941047480121266,1.06524098200899,1
"863",1,0.959634591835964,1.02734618345488,0.934828961478499,1.05215181381235,1
"864",1,1.01022986722479,1.0836467094183,0.983352890525197,1.11052368611789,1.04827586206897
"865",1,0.972099347853279,1.04047299519067,0.947138391269395,1.06543395177455,1
"866",1,0.995702113954125,1.07054458425218,0.968207768760714,1.09803892944559,1.02224998641969
"867",1,1.00093602560679,1.06213413862892,0.978797575862795,1.08427258837292,1.03709848579938
"868",1,1.01796160688409,1.08910537499405,0.992152714137614,1.11491426774053,1
"869",1,0.980977300969032,1.04649060881783,0.957127411244123,1.07034049854274,1.01752655619859
"870",1,0.952386038303445,1.02729780363063,0.925019120651795,1.05466472128228,1
"871",1,0.982730526245775,1.04894699781334,0.958861143981691,1.07281638007742,1
"872",1,0.953015048804527,1.02372872394794,0.927235904554287,1.04950786819818,1
"873",1,0.957472724977095,1.0259940066815,0.932230628850041,1.05123610280856,1
"874",1,0.953229857427899,1.01972637540332,0.929055960926456,1.04390027190476,1
"875",1,1.05045468368731,1.16505328757013,1.00841388064072,1.20709409061673,1.06075949367089
"876",1,0.976015219748463,1.04386212757693,0.951419640359675,1.06845770696572,1
"877",1,1.04550603014847,1.0987909143283,1.02599910847011,1.11829783600666,1.07841895407064
"878",1,0.966512347880704,1.03444198714224,0.941886777036221,1.05906755798673,1
"879",1,1.00198829222986,1.06965131580991,0.977355806039992,1.09428380199978,1
"880",1,0.984378684284346,1.05043198661933,0.960180555685733,1.07463011521794,1.03709848579938
"881",1,0.997801649409823,1.05996610046355,0.975186757814067,1.08258099205931,1.03709848579938
"882",1,1.03709127295202,1.10208523877027,1.01349676946204,1.12567974226025,1.04827586206897
"883",1,0.985441695530636,1.05154188817083,0.961108350795469,1.075875232906,1
"884",1,0.988293092871993,1.05490947547759,0.963871689780146,1.07933087856944,1
"885",1,0.980101071759795,1.04559421665452,0.956007906158566,1.06968738225575,1.01752655619859
"886",1,0.982954194848694,1.04437538423516,0.960358992103565,1.06697058698029,1.03709848579938
"887",1,1.00758955115623,1.06831957163914,0.98565141940949,1.09025770338589,1.03709848579938
"888",1,1.00595792714714,1.06788588698487,0.983413270778582,1.09043054335343,1.03709848579938
"889",1,0.989269602538847,1.05429664653007,0.965264958735078,1.07830129033384,1
"890",1,0.948944107329836,1.02098247648722,0.92303120897861,1.04689537483844,1
"891",1,0.954078388404935,1.02286681876292,0.92928187930847,1.04766332785938,1
"892",1,1.00222799100173,1.06353547095724,0.979799738501487,1.08596372345748,1.03709848579938
"893",1,0.983906063003946,1.04900792176081,0.960272391565297,1.07264159319946,1
"894",1,0.979918142710458,1.040975742703,0.957799371220048,1.06309451419341,1.03709848579938
"895",1,0.972363541932593,1.04243715967703,0.946656848634928,1.0681438529747,1.01752655619859
"896",1,0.954939417121803,1.02604908157225,0.929088474530902,1.05190002416315,1
"897",1,0.992259306257508,1.05241919807635,0.970250878491772,1.07442762584208,1.03709848579938
"898",1,1.02868256096662,1.08935316657948,1.00656468503002,1.11147104251608,1.03709848579938
"899",1,0.974170332235799,1.03531587039236,0.951707731436838,1.05777847119132,1.03709848579938
"900",1,0.96346180374718,1.03064460189359,0.939055558292035,1.05505084734873,1
"901",1,1.00620073315795,1.07163167774728,0.982197216872133,1.0956351940331,1.03709848579938
"902",1,1.04049416192058,1.09360523766543,1.02122700621651,1.1128723933695,1.07841895407064
"903",1,0.994139377700542,1.05715231528452,0.971055063773276,1.08023662921178,1
"904",1,0.939749482143509,1.01542241808132,0.912394062231382,1.04277783799345,1
"905",1,1.00357421371105,1.06777849198081,0.980004324288194,1.09134838140367,1.01752655619859
"906",1,0.967775561275458,1.03408003238331,0.943908286810933,1.05794730684784,1
"907",1,0.943955277780939,1.01277244705857,0.918744627395473,1.03798309744404,1
"908",1,0.965419926893832,1.03363737125225,0.940498592120731,1.05855870602535,1.01752655619859
"909",1,1.00942312567795,1.07438585464476,0.985723954974337,1.09808502534837,1.01752655619859
"910",1,1.00209582051393,1.06390523156607,0.97962585740786,1.08637519467213,1.03709848579938
"911",1,1.02566129239826,1.0850499521195,1.00423801512936,1.1064732293884,1.03709848579938
"912",1,1.05566941342807,1.11197559487679,1.03518570983141,1.13245929847346,1.07841895407064
"913",1,0.957062659885363,1.02600736492336,0.931734934704412,1.05133509010431,1
"914",1,1.01281900916965,1.07199267015798,0.991412906019305,1.09339877330833,1.03709848579938
"915",1,0.979107133744091,1.0446518030566,0.955212385216104,1.06854655158459,1
"916",1,0.942536542084305,1.01018920735141,0.918080413302977,1.03464533613274,1
"917",1,0.988333736283156,1.05602077874026,0.96343349480601,1.08092102021741,1
"918",1,0.974439857586231,1.04202822458645,0.949662127390277,1.06680595478241,1
"919",1,0.957015534501493,1.0291481661613,0.930737501661954,1.05542619900084,1
"920",1,0.984805686915972,1.04598762420366,0.962704304600187,1.06808900651944,1.03709848579938
"921",1,0.949667114301752,1.02122446913239,0.92348912715311,1.04740245628103,1
"922",1,1.03098797643951,1.08985259595926,1.00957353511976,1.11126703727901,1.03709848579938
"923",1,0.990919598579183,1.05594394632777,0.967181360467667,1.07968218443928,1.03709848579938
"924",1,0.99633108815944,1.06156242799227,0.972467361224953,1.08542615492676,1.01752655619859
"925",1,0.961320419026156,1.02997702397446,0.936571429693599,1.05472601330702,1
"926",1,0.981428109225867,1.04705630179385,0.957569880509266,1.07091453051045,1.03709848579938
"927",1,0.953760511297705,1.02634125511563,0.927245167139345,1.05285659927399,1
"928",1,0.981809886939369,1.04694731073324,0.957947283529278,1.07080991414333,1.01752655619859
"929",1,1.01664141327218,1.07962213121516,0.994115174134087,1.10214837035325,1.01752655619859
"930",1,0.95350594865445,1.02373123695719,0.927671954834309,1.04956523077733,1
"931",1,0.930124332081226,1.00510368929992,0.902809232577125,1.03241878880402,1
"932",1,1.00653325712829,1.0655075094944,0.985184245423874,1.08685652119881,1.03709848579938
"933",1,0.979238628501304,1.04470157857399,0.955440471426053,1.06849973564924,1
"934",1,0.988496357637247,1.05698779852361,0.963562289035337,1.08192186712552,1
"935",1,0.958578823296809,1.02838680329906,0.933539451445108,1.05342617515077,1
"936",1,1.01639259058302,1.07571116334692,0.994964330655302,1.09713942327464,1.07841895407064
"937",1,0.971788146144238,1.04223345896889,0.946088864102777,1.06793274101035,1
"938",1,1.05059137142363,1.10376324720267,1.03128859472977,1.12306602389652,1.07841895407064
"939",1,0.943342036279335,1.01118887419584,0.918417626722449,1.03611328375273,1
"940",1,0.951167138049987,1.02323202508062,0.925079242825084,1.04931992030553,1
"941",1,0.958596545079853,1.03124789207677,0.932240746499824,1.0576036906568,1
"942",1,0.978962206727084,1.07043357283459,0.945592372141131,1.10380340742054,1
"943",1,0.984732106913447,1.0500846039724,0.960890744206858,1.07392596667899,1
"944",1,0.971991793716804,1.03634954992047,0.948513324221604,1.05982801941567,1.03709848579938
"945",1,0.994072461125003,1.06171928148304,0.969463130820255,1.08632861178779,1.01752655619859
"946",1,1.00532825840692,1.06600028890754,0.983163429488301,1.08816511782616,1.03709848579938
"947",1,0.982479969879091,1.04950647652915,0.958215996745622,1.07377044966262,1
"948",1,0.988403998404354,1.051954544017,0.965171372350149,1.07518717007121,1.03709848579938
"949",1,0.921969679906166,0.995462839612792,0.895121010129579,1.02231150938938,1
"950",1,0.944372857357757,1.01961426254579,0.917480547255696,1.04650657264785,1
"951",1,0.973043881848146,1.03928150605693,0.948828921313563,1.06349646659151,1
"952",1,1.05054464128396,1.10256250399257,1.03156791066358,1.12153923461296,1.07841895407064
"953",1,1.00852449323017,1.06787619898377,0.986872290058044,1.0895284021559,1.03709848579938
"954",1,0.98540105700049,1.07162642583468,0.953835040813613,1.10319244202155,1
"955",1,1.02209732965459,1.07993085754844,1.00065964008638,1.10136854711664,1.03709848579938
"956",1,0.955139401001114,1.02500032816946,0.929778063696412,1.05036166547416,1
"957",1,1.01439920963494,1.07819720946601,0.991531828350385,1.10106459075057,1.01752655619859
"958",1,0.942737764780654,1.01349374988402,0.917033447790313,1.03919806687436,1
"959",1,1.03154362791912,1.09009105234012,1.0102744511267,1.11136022913255,1.07841895407064
"960",1,0.94476902137569,1.01624196411387,0.918786013948969,1.04222497154059,1
"961",1,0.973518298309852,1.0433308232841,0.947978626169712,1.06887049542424,1
"962",1,0.986122467776738,1.0526578567446,0.962138123764342,1.076642200757,1.01752655619859
"963",1,0.96509899996523,1.02907902057157,0.941758332876796,1.05241968766,1
"964",1,0.983892719258836,1.04599253420028,0.961301341723732,1.06858391173539,1.01752655619859
"965",1,1.01658782682021,1.07862389767592,0.993924683919689,1.10128704057644,1.03709848579938
"966",1,0.987641450997599,1.05020411140145,0.96489765442743,1.07294790797161,1.01752655619859
"967",1,0.95408124113314,1.02244578569282,0.929367771246521,1.04715925557943,1
"968",1,0.960587549224949,1.03037491985814,0.934879047075552,1.05608342200754,1
"969",1,0.976857040845052,1.04573744826758,0.951746226630409,1.07084826248223,1
"970",1,0.970091355431431,1.0408172611516,0.944578392258843,1.06633022432419,1
"971",1,0.980927549855924,1.04721202294701,0.956982925897748,1.07115664690519,1
"972",1,1.01244505324149,1.07973047357025,0.987778382555066,1.10439714425668,1.01752655619859
"973",1,0.952650274499772,1.02610928465793,0.925720380866526,1.05303917829118,1
"974",1,0.95745769311206,1.02575396054828,0.932350756996556,1.05086089666378,1
"975",1,1.01229633755941,1.07222821982661,0.990661814539767,1.09386274284625,1.03709848579938
"976",1,0.954910959660214,1.02391386896833,0.929685074136289,1.04913975449225,1.01752655619859
"977",1,0.992813933696839,1.05847171094478,0.969129197024134,1.08215644761749,1.01752655619859
"978",1,0.979524759344391,1.04620806904741,0.955521116327678,1.07021171206412,1
"979",1,0.994333945527085,1.05714330381092,0.971452396058639,1.08002485327937,1.03709848579938
"980",1,0.970306266575755,1.03992632098522,0.944996851271612,1.06523573628937,1
"981",1,1.00003317569661,1.0650499910921,0.976281101170946,1.08880206561777,1.01752655619859
"982",1,0.960718318586801,1.02941243389186,0.935920759046537,1.05420999343212,1.03709848579938
"983",1,0.983981889718891,1.04948840979813,0.959867092593174,1.07360320692385,1
"984",1,0.964101929706439,1.02933715038398,0.940469770246039,1.05296930984438,1
"985",1,0.95818711437997,1.02667789394882,0.933340648821907,1.05152435950688,1
"986",1,0.97494601778872,1.04852972848223,0.948214441340051,1.0752613049309,1
"987",1,0.980481104563865,1.04489276012902,0.956835085324536,1.06853877936834,1
"988",1,0.999347235700366,1.06299703653301,0.976062086715274,1.0862821855181,1.03709848579938
"989",1,0.966229593247245,1.03183793871201,0.942261419760033,1.05580611219923,1
"990",1,0.956985033731147,1.02543570241775,0.931891185843924,1.05052955030497,1
"991",1,0.973913871597195,1.04172815043199,0.94920902158403,1.06643300044516,1
"992",1,0.993424247074937,1.05798357356039,0.969938120434784,1.08146970020055,1.01752655619859
"993",1,0.994959996832801,1.05518152163157,0.973144102562623,1.07699741590175,1.03709848579938
"994",1,0.950549461786878,1.01758541359019,0.925888739040562,1.04224613633651,1.01752655619859
"995",1,0.981930908391628,1.04698592720611,0.958231261207729,1.07068557439001,1.01752655619859
"996",1,0.997514822648929,1.06160129783825,0.974217064126573,1.0848990563606,1
"997",1,0.946816597445929,1.01721221846599,0.920955859595855,1.04307295631607,1
"998",1,0.964995669589572,1.06165239322773,0.929660181998368,1.09698788081894,1
"999",1,0.965304725964147,1.04713571251041,0.935326561878487,1.07711387659607,1
"1000",1,0.943202959059643,1.01325711119879,0.917610634484529,1.0388494357739,1
